{
  "results": [
    {
      "command": "python3 main.py -alg heap -is 10 -o RAND",
      "mean": 0.28057446500000005,
      "stddev": 0.002585152651843465,
      "user": 0.30453125000000003,
      "system": 0.4885156249999999,
      "min": 0.275403165,
      "max": 0.284145165,
      "times": [
        0.283138165,
        0.275403165,
        0.279820165,
        0.278141165,
        0.280848165,
        0.280615165,
        0.279667165,
        0.283150165,
        0.284145165,
        0.280816165
      ]
    }
  ]
}
