{
  "results": [
    {
      "command": "python3 main.py -alg heap -is 1000 -o ASC",
      "mean": 0.279356115,
      "stddev": 0.004913566168160243,
      "user": 0.29203125,
      "system": 0.5210937500000001,
      "min": 0.266382515,
      "max": 0.282846515,
      "times": [
        0.281850515,
        0.266382515,
        0.277887515,
        0.280973515,
        0.277325515,
        0.282671515,
        0.281431515,
        0.281495515,
        0.280696515,
        0.282846515
      ]
    }
  ]
}
