{
  "results": [
    {
      "command": "python3 main.py -alg heap -is 10 -o ASC",
      "mean": 0.27998589999999995,
      "stddev": 0.0033228836807140255,
      "user": 0.31398437500000004,
      "system": 0.523984375,
      "min": 0.2735237,
      "max": 0.2839287,
      "times": [
        0.2805817,
        0.2735237,
        0.2810747,
        0.2839287,
        0.2778177,
        0.2815017,
        0.2755857,
        0.2816987,
        0.2831957,
        0.2809507
      ]
    }
  ]
}
