{
  "results": [
    {
      "command": "python3 main.py -alg heap -is 1000 -o DESC",
      "mean": 0.2795293,
      "stddev": 0.004910849806522507,
      "user": 0.31687499999999996,
      "system": 0.48062500000000014,
      "min": 0.26957870000000006,
      "max": 0.28470870000000004,
      "times": [
        0.2772737,
        0.28285370000000004,
        0.27762870000000006,
        0.2825577,
        0.28102170000000004,
        0.28132870000000004,
        0.28470870000000004,
        0.26957870000000006,
        0.27385270000000006,
        0.28448870000000004
      ]
    }
  ]
}
