{
  "results": [
    {
      "command": "python3 main.py -alg heap -is 10 -o DESC",
      "mean": 0.280637175,
      "stddev": 0.002564950164124922,
      "user": 0.29664062500000005,
      "system": 0.5454687500000001,
      "min": 0.27760887500000003,
      "max": 0.284856875,
      "times": [
        0.28165187500000005,
        0.284856875,
        0.28470587500000005,
        0.278258875,
        0.281173875,
        0.278509875,
        0.27760887500000003,
        0.278629875,
        0.28071887500000003,
        0.280256875
      ]
    }
  ]
}
