{
  "results": [
    {
      "command": "python3 main.py -alg heap -is 100000 -o DESC",
      "mean": 0.37507346,
      "stddev": 0.005044732985996378,
      "user": 0.34046875000000004,
      "system": 0.531796875,
      "min": 0.36935676,
      "max": 0.38471476,
      "times": [
        0.36935676,
        0.37145176,
        0.37654676000000004,
        0.37973076,
        0.38471476,
        0.37203976,
        0.37144076000000004,
        0.38047076,
        0.37337576,
        0.37160676000000004
      ]
    }
  ]
}
