{
  "results": [
    {
      "command": "python3 main.py -alg heap -is 1000 -o RAND",
      "mean": 0.27995263000000004,
      "stddev": 0.003204218436512846,
      "user": 0.328046875,
      "system": 0.501875,
      "min": 0.27429193,
      "max": 0.28515993,
      "times": [
        0.28287993,
        0.27818393,
        0.27429193,
        0.28014093,
        0.27837393000000005,
        0.27779293000000005,
        0.28152193000000003,
        0.28515993,
        0.27823693000000005,
        0.28294393
      ]
    }
  ]
}
