{
  "results": [
    {
      "command": "python3 main.py -alg heap -is 100000 -o RAND",
      "mean": 0.39655342000000005,
      "stddev": 0.0037914808071663826,
      "user": 0.46234375000000005,
      "system": 0.551640625,
      "min": 0.38864182,
      "max": 0.40138882,
      "times": [
        0.39276082,
        0.39967182,
        0.39619682,
        0.38864182,
        0.39509082,
        0.39770882,
        0.40138882,
        0.39566582,
        0.39985682,
        0.39855182
      ]
    }
  ]
}
