{
  "results": [
    {
      "command": "python3 main.py -alg heap -is 100000 -o ASC",
      "mean": 0.36187392000000007,
      "stddev": 0.003470739762644278,
      "user": 0.402734375,
      "system": 0.505,
      "min": 0.35716142,
      "max": 0.36669542000000005,
      "times": [
        0.36669542000000005,
        0.36633242000000005,
        0.35948142000000005,
        0.36127642000000004,
        0.35941642,
        0.36487142000000006,
        0.35747942000000005,
        0.35716142,
        0.36320242,
        0.36282242000000003
      ]
    }
  ]
}
