{
  "results": [
    {
      "command": "python3 main.py -alg insertion -is 10 -o ASC",
      "mean": 0.28124731000000003,
      "stddev": 0.0025798436666675173,
      "user": 0.310625,
      "system": 0.503671875,
      "min": 0.27506701,
      "max": 0.28371901000000005,
      "times": [
        0.27506701,
        0.27879801000000004,
        0.28120401,
        0.28283101000000005,
        0.28134901,
        0.28371901000000005,
        0.28212001000000003,
        0.28351601000000004,
        0.28160101000000004,
        0.28226801
      ]
    }
  ]
}
