{
  "results": [
    {
      "command": "python3 main.py -alg insertion -is 100000 -o ASC",
      "mean": 0.30566404999999996,
      "stddev": 0.003189941248152808,
      "user": 0.332734375,
      "system": 0.5171875000000001,
      "min": 0.29946555,
      "max": 0.31123155,
      "times": [
        0.30511055,
        0.30434955,
        0.30474755,
        0.30385655,
        0.30462255,
        0.30884555,
        0.30738255000000003,
        0.31123155,
        0.30702855,
        0.29946555
      ]
    }
  ]
}
