{
  "results": [
    {
      "command": "python3 main.py -alg insertion -is 10 -o DESC",
      "mean": 0.28151022000000003,
      "stddev": 0.004152342557052711,
      "user": 0.34203125000000006,
      "system": 0.50328125,
      "min": 0.27356782,
      "max": 0.28588182,
      "times": [
        0.28208882,
        0.28588182,
        0.28389882,
        0.27356782,
        0.28547082,
        0.28371782,
        0.27666882000000004,
        0.28040382,
        0.28499182,
        0.27841182000000003
      ]
    }
  ]
}
