{
  "results": [
    {
      "command": "python3 main.py -alg insertion -is 10 -o RAND",
      "mean": 0.28146054000000004,
      "stddev": 0.0023839714670179186,
      "user": 0.30921875,
      "system": 0.48624999999999996,
      "min": 0.27730274,
      "max": 0.28379674,
      "times": [
        0.28379674,
        0.27730274,
        0.28282374000000005,
        0.28309674,
        0.28171474,
        0.28211474000000003,
        0.27882874,
        0.28287374000000004,
        0.28367974,
        0.27837374000000004
      ]
    }
  ]
}
