{
  "results": [
    {
      "command": "python3 main.py -alg insertion -is 100000 -o DESC",
      "mean": 83.47628788,
      "stddev": 0.25228159328119704,
      "user": 83.465390625,
      "system": 0.49640625,
      "min": 83.08715337999999,
      "max": 83.75443537999999,
      "times": [
        83.71960037999999,
        83.75443537999999,
        83.41369737999999,
        83.25939638,
        83.71584938,
        83.44744938,
        83.71395537999999,
        83.51774338,
        83.13359838,
        83.08715337999999
      ]
    }
  ]
}
