{
  "results": [
    {
      "command": "python3 main.py -alg insertion -is 1000 -o DESC",
      "mean": 0.28618678500000005,
      "stddev": 0.0039050006174419748,
      "user": 0.295078125,
      "system": 0.5111718749999999,
      "min": 0.27914418500000004,
      "max": 0.29190818500000004,
      "times": [
        0.28257218500000003,
        0.27914418500000004,
        0.287210185,
        0.285318185,
        0.28261318500000004,
        0.29190818500000004,
        0.28886918500000003,
        0.286807185,
        0.29057418500000004,
        0.286851185
      ]
    }
  ]
}
