{
  "results": [
    {
      "command": "python3 main.py -alg insertion -is 100000 -o RAND",
      "mean": 310.16441214500003,
      "stddev": 3.435684736344805,
      "user": 304.98414062499995,
      "system": 5.716015624999999,
      "min": 306.270587845,
      "max": 317.960239845,
      "times": [
        311.222299845,
        307.923457845,
        307.985766845,
        317.960239845,
        310.22013184499997,
        309.027720845,
        310.335924845,
        306.270587845,
        313.350523845,
        307.347467845
      ]
    }
  ]
}
