{
  "results": [
    {
      "command": "python3 main.py -alg insertion -is 1000 -o RAND",
      "mean": 0.31190729000000006,
      "stddev": 0.0032739985220250475,
      "user": 0.35625,
      "system": 0.47445312500000003,
      "min": 0.30601519000000005,
      "max": 0.31611219,
      "times": [
        0.31601119000000005,
        0.31611219,
        0.31119319,
        0.31004819000000006,
        0.30896419,
        0.31255219000000006,
        0.30995519000000005,
        0.30601519000000005,
        0.31468819000000003,
        0.31353319
      ]
    }
  ]
}
