{
  "results": [
    {
      "command": "python3 main.py -alg insertion -is 1000 -o ASC",
      "mean": 0.27988436,
      "stddev": 0.0034714262454757293,
      "user": 0.32015625000000003,
      "system": 0.4653125,
      "min": 0.27369756,
      "max": 0.28606156,
      "times": [
        0.28338856,
        0.27680656000000003,
        0.27987756,
        0.27865356,
        0.27880056000000003,
        0.28236456,
        0.28606156,
        0.27880156,
        0.28039156,
        0.27369756
      ]
    }
  ]
}
