{
  "results": [
    {
      "command": "python3 main.py -alg merge -is 100000 -o RAND",
      "mean": 0.8935845849999999,
      "stddev": 0.0044261668693753005,
      "user": 0.9076562499999999,
      "system": 0.554765625,
      "min": 0.888537185,
      "max": 0.901448185,
      "times": [
        0.889569185,
        0.897159185,
        0.888537185,
        0.892366185,
        0.893167185,
        0.890669185,
        0.894685185,
        0.901448185,
        0.8990291850000001,
        0.8892151850000001
      ]
    }
  ]
}
