{
  "results": [
    {
      "command": "python3 main.py -alg merge -is 1000 -o DESC",
      "mean": 0.28369847500000006,
      "stddev": 0.00298508670263063,
      "user": 0.3296875,
      "system": 0.5030468750000001,
      "min": 0.27782367500000005,
      "max": 0.28932667500000003,
      "times": [
        0.28143567500000005,
        0.28423467500000005,
        0.27782367500000005,
        0.28577567500000006,
        0.283430675,
        0.28433767500000007,
        0.28202467500000006,
        0.28932667500000003,
        0.28392067500000007,
        0.28467467500000004
      ]
    }
  ]
}
