{
  "results": [
    {
      "command": "python3 main.py -alg merge -is 1000 -o ASC",
      "mean": 0.28249035000000006,
      "stddev": 0.004800178988560975,
      "user": 0.33265625000000004,
      "system": 0.4900000000000001,
      "min": 0.27474025,
      "max": 0.29161325000000005,
      "times": [
        0.28374325000000006,
        0.28321225000000005,
        0.28275025000000004,
        0.27474025,
        0.28459125,
        0.27508825000000003,
        0.28249125,
        0.28253425000000004,
        0.28413925,
        0.29161325000000005
      ]
    }
  ]
}
