{
  "results": [
    {
      "command": "python3 main.py -alg merge -is 10 -o ASC",
      "mean": 0.278540535,
      "stddev": 0.0023330604030852736,
      "user": 0.31398437500000004,
      "system": 0.49539062500000003,
      "min": 0.275017735,
      "max": 0.28194173499999997,
      "times": [
        0.275017735,
        0.275494735,
        0.276019735,
        0.279204735,
        0.281028735,
        0.27877773499999997,
        0.27936073499999997,
        0.28194173499999997,
        0.279959735,
        0.278599735
      ]
    }
  ]
}
