{
  "results": [
    {
      "command": "python3 main.py -alg merge -is 10 -o RAND",
      "mean": 0.28035375,
      "stddev": 0.004123962382628297,
      "user": 0.32328125,
      "system": 0.50609375,
      "min": 0.27344395000000005,
      "max": 0.28689195,
      "times": [
        0.28689195,
        0.28277495,
        0.28102795,
        0.27825595000000003,
        0.27570795000000003,
        0.28366995,
        0.27837095,
        0.27344395000000005,
        0.27927495,
        0.28411895000000004
      ]
    }
  ]
}
