{
  "results": [
    {
      "command": "python3 main.py -alg merge -is 100000 -o ASC",
      "mean": 0.8035143700000003,
      "stddev": 0.00870437548273538,
      "user": 0.793671875,
      "system": 0.51265625,
      "min": 0.7918032700000001,
      "max": 0.8231832700000001,
      "times": [
        0.7976632700000001,
        0.7918032700000001,
        0.8071512700000001,
        0.8087552700000001,
        0.8231832700000001,
        0.7981392700000001,
        0.7968772700000001,
        0.8037722700000001,
        0.8060952700000001,
        0.8017032700000001
      ]
    }
  ]
}
