{
  "results": [
    {
      "command": "python3 main.py -alg merge -is 10 -o DESC",
      "mean": 0.27940814,
      "stddev": 0.004469833217122199,
      "user": 0.32015625000000003,
      "system": 0.502421875,
      "min": 0.27189404,
      "max": 0.28522304000000004,
      "times": [
        0.28522304000000004,
        0.27876604,
        0.27599704,
        0.28426304,
        0.27189404,
        0.28491004000000003,
        0.28086604000000004,
        0.27950204,
        0.27519704,
        0.27746304
      ]
    }
  ]
}
