{
  "results": [
    {
      "command": "python3 main.py -alg merge -is 100000 -o DESC",
      "mean": 0.791075265,
      "stddev": 0.011620564117115834,
      "user": 0.8124218749999998,
      "system": 0.512734375,
      "min": 0.7771040650000001,
      "max": 0.8160140650000001,
      "times": [
        0.7771040650000001,
        0.780727065,
        0.785794065,
        0.8160140650000001,
        0.7820430650000001,
        0.7918920650000001,
        0.801097065,
        0.7990350650000001,
        0.787082065,
        0.789964065
      ]
    }
  ]
}
