{
  "results": [
    {
      "command": "python3 main.py -alg merge -is 1000 -o RAND",
      "mean": 0.28420344500000005,
      "stddev": 0.0022669002232613266,
      "user": 0.31546875,
      "system": 0.529296875,
      "min": 0.28017564500000003,
      "max": 0.28754264500000004,
      "times": [
        0.281862645,
        0.28464864500000003,
        0.285715645,
        0.284263645,
        0.281881645,
        0.28754264500000004,
        0.284284645,
        0.28549664500000005,
        0.28017564500000003,
        0.28616264500000005
      ]
    }
  ]
}
