{
  "results": [
    {
      "command": "python3 main.py -alg quick -is 1000 -o ASC",
      "mean": 0.33964597,
      "stddev": 0.005429404043416433,
      "user": 0.384140625,
      "system": 0.47390624999999986,
      "min": 0.33199537,
      "max": 0.35045637,
      "times": [
        0.33668637,
        0.33577237000000004,
        0.33682937,
        0.35045637,
        0.33199537,
        0.34025237,
        0.33831237000000003,
        0.34668737000000005,
        0.34153237000000003,
        0.33793537
      ]
    }
  ]
}
