{
  "results": [
    {
      "command": "python3 main.py -alg quick -is 10 -o DESC",
      "mean": 0.279592225,
      "stddev": 0.0025873427402560243,
      "user": 0.3265625,
      "system": 0.48703124999999997,
      "min": 0.27666052500000005,
      "max": 0.28413152500000005,
      "times": [
        0.278020525,
        0.280497525,
        0.281433525,
        0.27666052500000005,
        0.28413152500000005,
        0.27872952500000003,
        0.27745352500000003,
        0.27937852500000004,
        0.282883525,
        0.27673352500000004
      ]
    }
  ]
}
