{
  "results": [
    {
      "command": "python3 main.py -alg quick -is 1000 -o RAND",
      "mean": 0.3519113600000001,
      "stddev": 0.02807667049922804,
      "user": 0.368515625,
      "system": 0.49679687499999997,
      "min": 0.31883526,
      "max": 0.41267226,
      "times": [
        0.32628426000000005,
        0.34690626,
        0.36098726000000003,
        0.32194226000000004,
        0.31883526,
        0.41267226,
        0.34664826000000004,
        0.37375126000000003,
        0.36313926,
        0.34794726000000004
      ]
    }
  ]
}
