{
  "results": [
    {
      "command": "python3 main.py -alg quick -is 10 -o RAND",
      "mean": 0.28098391,
      "stddev": 0.0021247458933037378,
      "user": 0.313828125,
      "system": 0.4691406249999999,
      "min": 0.27752291,
      "max": 0.28403391,
      "times": [
        0.28264391,
        0.28156491,
        0.27959491000000003,
        0.27752291,
        0.28403391,
        0.28337791,
        0.28160691000000004,
        0.28056291,
        0.28077291000000004,
        0.27815791
      ]
    }
  ]
}
