{
  "results": [
    {
      "command": "python3 main.py -alg quick -is 1000 -o DESC",
      "mean": 0.369372425,
      "stddev": 0.010031788837933585,
      "user": 0.4028124999999999,
      "system": 0.503984375,
      "min": 0.36261762500000005,
      "max": 0.396555625,
      "times": [
        0.369654625,
        0.396555625,
        0.36261762500000005,
        0.365982625,
        0.367571625,
        0.362731625,
        0.366328625,
        0.36586062500000005,
        0.372567625,
        0.363853625
      ]
    }
  ]
}
