{
  "results": [
    {
      "command": "python3 main.py -alg quick -is 10 -o ASC",
      "mean": 0.2792918850000001,
      "stddev": 0.0038600140241541524,
      "user": 0.3028125,
      "system": 0.5090625,
      "min": 0.273027485,
      "max": 0.28502248500000005,
      "times": [
        0.274121485,
        0.280310485,
        0.277729485,
        0.273027485,
        0.283639485,
        0.28092948500000003,
        0.28502248500000005,
        0.281836485,
        0.27890648500000004,
        0.27739548500000005
      ]
    }
  ]
}
