{
  "results": [
    {
      "command": "python3 main.py -alg selection -is 1000 -o DESC",
      "mean": 0.30229020500000003,
      "stddev": 0.0035138757788073403,
      "user": 0.29375,
      "system": 0.5028124999999999,
      "min": 0.296357305,
      "max": 0.30714330500000003,
      "times": [
        0.301975305,
        0.29967830500000003,
        0.30600430500000003,
        0.29905330500000005,
        0.30319930500000003,
        0.30258230500000005,
        0.30714330500000003,
        0.30049130500000004,
        0.296357305,
        0.30641730500000003
      ]
    }
  ]
}
