{
  "results": [
    {
      "command": "python3 main.py -alg selection -is 10 -o ASC",
      "mean": 0.284117825,
      "stddev": 0.0041350935512727855,
      "user": 0.27640625,
      "system": 0.48843750000000014,
      "min": 0.276989525,
      "max": 0.291011525,
      "times": [
        0.276989525,
        0.283452525,
        0.282224525,
        0.284789525,
        0.279772525,
        0.291011525,
        0.28770052500000004,
        0.281927525,
        0.287573525,
        0.285736525
      ]
    }
  ]
}
