{
  "results": [
    {
      "command": "python3 main.py -alg selection -is 1000 -o RAND",
      "mean": 0.30645089500000006,
      "stddev": 0.004213389640973968,
      "user": 0.31859375,
      "system": 0.4921875000000001,
      "min": 0.299426495,
      "max": 0.31174249500000006,
      "times": [
        0.29943149500000005,
        0.30921049500000003,
        0.31174249500000006,
        0.307063495,
        0.305364495,
        0.30995849500000006,
        0.299426495,
        0.30620549500000005,
        0.30625149500000004,
        0.30985449500000006
      ]
    }
  ]
}
