{
  "results": [
    {
      "command": "python3 main.py -alg selection -is 10 -o DESC",
      "mean": 0.28094794999999995,
      "stddev": 0.0022081173605082174,
      "user": 0.26859375,
      "system": 0.47828125000000005,
      "min": 0.27810445,
      "max": 0.28567745,
      "times": [
        0.28252445,
        0.27810445,
        0.28128245,
        0.27973445,
        0.28164845,
        0.28181545,
        0.28567745,
        0.27905145,
        0.28081445,
        0.27882645
      ]
    }
  ]
}
