{
  "results": [
    {
      "command": "python3 main.py -alg selection -is 100000 -o DESC",
      "mean": 212.03692541,
      "stddev": 3.0557253133580824,
      "user": 212.023203125,
      "system": 0.48296875000000006,
      "min": 210.19497041,
      "max": 220.53103741,
      "times": [
        210.44232141,
        220.53103741,
        211.14529541,
        210.19497041,
        211.61069741,
        210.92025841,
        210.85732941,
        212.57293441,
        210.83489541,
        211.25951441
      ]
    }
  ]
}
