{
  "results": [
    {
      "command": "python3 main.py -alg selection -is 100000 -o ASC",
      "mean": 174.907424085,
      "stddev": 8.762154362409245,
      "user": 174.8671875,
      "system": 0.523671875,
      "min": 171.425048885,
      "max": 199.809987885,
      "times": [
        172.66552088499998,
        171.66136788499998,
        172.86433488499998,
        199.809987885,
        171.425048885,
        171.885032885,
        172.663160885,
        172.111751885,
        171.91317688499998,
        172.074857885
      ]
    }
  ]
}
