{
  "results": [
    {
      "command": "python3 main.py -alg selection -is 1000 -o ASC",
      "mean": 0.29745303,
      "stddev": 0.004399814391287178,
      "user": 0.31687499999999996,
      "system": 0.4871875,
      "min": 0.29202773000000004,
      "max": 0.30732973,
      "times": [
        0.29311573,
        0.30037673000000004,
        0.29202773000000004,
        0.30732973,
        0.30006173,
        0.29460673000000004,
        0.29773973000000004,
        0.29584673,
        0.29593273000000003,
        0.29749273000000004
      ]
    }
  ]
}
