{
  "results": [
    {
      "command": "python3 main.py -alg selection -is 10 -o RAND",
      "mean": 0.27906739,
      "stddev": 0.0029646692995266006,
      "user": 0.278046875,
      "system": 0.50328125,
      "min": 0.27529689,
      "max": 0.28413489000000003,
      "times": [
        0.27756489,
        0.28255689,
        0.28413489000000003,
        0.27653089000000003,
        0.27726389,
        0.27910089000000005,
        0.27702289,
        0.27529689,
        0.28236189,
        0.27883989000000003
      ]
    }
  ]
}
