{
  "results": [
    {
      "command": "python3 main.py -alg shell -is 10 -o DESC",
      "mean": 0.28077069000000004,
      "stddev": 0.0032933210593563524,
      "user": 0.337265625,
      "system": 0.49273437500000006,
      "min": 0.27364229,
      "max": 0.28621429000000004,
      "times": [
        0.28218429,
        0.28056829,
        0.28621429000000004,
        0.28167429,
        0.27870029,
        0.28110829000000004,
        0.27923829,
        0.27364229,
        0.28085729000000004,
        0.28351929000000003
      ]
    }
  ]
}
