{
  "results": [
    {
      "command": "python3 main.py -alg shell -is 1000 -o RAND",
      "mean": 0.28487296500000003,
      "stddev": 0.003269302609969832,
      "user": 0.31078125,
      "system": 0.49093749999999997,
      "min": 0.27827896500000004,
      "max": 0.289018965,
      "times": [
        0.286923965,
        0.28480596500000005,
        0.28871896500000005,
        0.284088965,
        0.28610096500000004,
        0.28534396500000003,
        0.289018965,
        0.284296965,
        0.281151965,
        0.27827896500000004
      ]
    }
  ]
}
