{
  "results": [
    {
      "command": "python3 main.py -alg shell -is 100000 -o DESC",
      "mean": 0.754723965,
      "stddev": 0.006642586846335618,
      "user": 0.78890625,
      "system": 0.5302343749999999,
      "min": 0.7448126650000001,
      "max": 0.7640796650000001,
      "times": [
        0.7483306650000001,
        0.761165665,
        0.752227665,
        0.7624246650000001,
        0.7588346650000001,
        0.755289665,
        0.7640796650000001,
        0.7511096650000001,
        0.7489646650000001,
        0.7448126650000001
      ]
    }
  ]
}
