{
  "results": [
    {
      "command": "python3 main.py -alg shell -is 1000 -o DESC",
      "mean": 0.28040928000000004,
      "stddev": 0.002181294223365769,
      "user": 0.32007812500000005,
      "system": 0.5001562500000001,
      "min": 0.27756388000000004,
      "max": 0.28480188,
      "times": [
        0.27766588000000003,
        0.28099088,
        0.28192288000000004,
        0.27908188,
        0.28480188,
        0.27756388000000004,
        0.28023688,
        0.27973788,
        0.27999088,
        0.28209988
      ]
    }
  ]
}
