{
  "results": [
    {
      "command": "python3 main.py -alg shell -is 100000 -o RAND",
      "mean": 1.1803856749999997,
      "stddev": 0.03088502432787341,
      "user": 1.209375,
      "system": 0.50734375,
      "min": 1.146655875,
      "max": 1.229869875,
      "times": [
        1.229869875,
        1.1631378749999999,
        1.189271875,
        1.223858875,
        1.146655875,
        1.205152875,
        1.181894875,
        1.149724875,
        1.164078875,
        1.150210875
      ]
    }
  ]
}
