{
  "results": [
    {
      "command": "python3 main.py -alg shell -is 1000 -o ASC",
      "mean": 0.28062904000000005,
      "stddev": 0.003511667696566841,
      "user": 0.30296875,
      "system": 0.508671875,
      "min": 0.27295134000000004,
      "max": 0.28533934,
      "times": [
        0.28083734000000005,
        0.27765734000000003,
        0.28260934000000004,
        0.28533934,
        0.28258234000000004,
        0.27295134000000004,
        0.28396934,
        0.27995834,
        0.28098434,
        0.27940134
      ]
    }
  ]
}
