{
  "results": [
    {
      "command": "python3 main.py -alg shell -is 100000 -o ASC",
      "mean": 0.5837867,
      "stddev": 0.013276521408528317,
      "user": 0.61546875,
      "system": 0.497734375,
      "min": 0.5656061000000001,
      "max": 0.6020971,
      "times": [
        0.5916791000000001,
        0.5761851000000001,
        0.5688691000000001,
        0.5656061000000001,
        0.6016421000000001,
        0.6020971,
        0.5800161,
        0.5753281000000001,
        0.5800351000000001,
        0.5964091000000001
      ]
    }
  ]
}
