{
  "results": [
    {
      "command": "python3 main.py -alg shell -is 10 -o RAND",
      "mean": 0.28006333000000005,
      "stddev": 0.0027607619399160274,
      "user": 0.30273437499999994,
      "system": 0.5005468750000001,
      "min": 0.27431873,
      "max": 0.28244473000000003,
      "times": [
        0.27904473,
        0.27651573,
        0.28058673,
        0.28218873,
        0.28230473,
        0.27431873,
        0.28166273000000003,
        0.28198573000000005,
        0.27958073,
        0.28244473000000003
      ]
    }
  ]
}
