{
  "results": [
    {
      "command": "python3 main.py -alg shell -is 10 -o ASC",
      "mean": 0.28114927,
      "stddev": 0.003960959227257966,
      "user": 0.30609375,
      "system": 0.504765625,
      "min": 0.27458127,
      "max": 0.28795327,
      "times": [
        0.28795327,
        0.27607727,
        0.27901427,
        0.27458127,
        0.28510327,
        0.28161727,
        0.28090527,
        0.28234227,
        0.28075127,
        0.28314727
      ]
    }
  ]
}
